<?xml version='1.0' encoding='UTF-8'?><JobDirect><TrackingNumber>2A195422600</TrackingNumber><Revision>New</Revision><TimeStamp>16-Aug-2016 10:31:25</TimeStamp><OrderElements><Element><File>2A195422600-AHB-28197_C1_320x50</File><AdTag width='320' height='50'>&amp;lt;script type='text/javascript'&amp;gt;document.write('&amp;lt;scri'+'pt'+ &amp;quot; type='text/javascript' src='%%VIEW_URL_UNESC%%https://ws-jdvault.2adpro.com/load-creatives/jdx57b29dd43a079&amp;quot;);document.write('?v=%%VIEW_URL_UNESC%%&amp;c=%%CLICK_URL_ESC%%');document.write (&amp;quot;'&amp;gt;&amp;lt;\/scr&amp;quot;+&amp;quot;ipt&amp;gt;&amp;quot;);&amp;lt;/script&amp;gt;</AdTag><ProofURL>http://jdxproof.com/data/multiver_index.php?ref=wf57b29dbc6f61b&amp;ver=1</ProofURL></Element><Element><File>2A195422600-BBD-28199_C1_960x250</File><AdTag width='960' height='250'>&amp;lt;script type='text/javascript'&amp;gt;document.write('&amp;lt;scri'+'pt'+ &amp;quot; type='text/javascript' src='%%VIEW_URL_UNESC%%https://ws-jdvault.2adpro.com/load-creatives/jdx57b29dd921670&amp;quot;);document.write('?v=%%VIEW_URL_UNESC%%&amp;c=%%CLICK_URL_ESC%%');document.write (&amp;quot;'&amp;gt;&amp;lt;\/scr&amp;quot;+&amp;quot;ipt&amp;gt;&amp;quot;);&amp;lt;/script&amp;gt;</AdTag><ProofURL>http://jdxproof.com/data/multiver_index.php?ref=wf57b29dbc6f61b&amp;ver=2</ProofURL></Element><Element><File>2A195422600-HVS-28196_C1_280x130</File><AdTag width='280' height='130'>&amp;lt;script type='text/javascript'&amp;gt;document.write('&amp;lt;scri'+'pt'+ &amp;quot; type='text/javascript' src='%%VIEW_URL_UNESC%%https://ws-jdvault.2adpro.com/load-creatives/jdx57b29dda4faf5&amp;quot;);document.write('?v=%%VIEW_URL_UNESC%%&amp;c=%%CLICK_URL_ESC%%');document.write (&amp;quot;'&amp;gt;&amp;lt;\/scr&amp;quot;+&amp;quot;ipt&amp;gt;&amp;quot;);&amp;lt;/script&amp;gt;</AdTag><ProofURL>http://jdxproof.com/data/multiver_index.php?ref=wf57b29dbc6f61b&amp;ver=3</ProofURL></Element><Element><File>All</File><ProofURL>http://jdxproof.com/data/multiver_index.php?ref=wf57b29dbc6f61b</ProofURL></Element></OrderElements></JobDirect>